,Sentence,Eval 1,Eval 2,Eval 3
0,Ton chat s'étonne du mistral.,0,0,0
1,Les scribes arrogants crieront.,0,0,0
2,Une interlocutrice nage.,0,0,0
3,Nous nous lasserons de donneuses d'organes.,0,0,0
4,Vous assommez un caleçon rouillé !,0,0,0
5,Des résistants hélitreuillés traînent.,0,0,0
6,Vous tapez sur peu de gonfalons !,0,0,0
7,Certains agents doubles liment quatre fautes.,0,0,0
8,Assez de chasseurs se plaignent de tendons.,0,0,0
9,Je ferai attention à des orphelines.,0,0,0
10,Buster Keaton s'appuiera aux jardins...,0,0,0
11,Les héritiers détendus prient.,0,0,0
12,Lou Ferrigno attend treize rôles.,0,0,0
13,Des cinéphiles apparaissent au Chili.,0,0,0
14,Les créatures avaient faim.,0,0,0
15,Douteras-tu de la banlieue de Pont-à-Mousson ?,0,0,0
16,Un plaignant s'attaque au chat de Claire Chazal.,0,0,0
17,Le chat de Staline préconise les gemmes.,0,0,0
18,Je humais les côtés.,0,0,0
19,Le chat de Satan se lamente sur un organigramme.,0,0,0
20,Les autorités gloussent n'importe comment.,0,0,0
21,Les inconnues entraient chez nous avant mai 68.,0,0,0
22,Pythagore revient sans écrire.,0,0,0
23,Quelqu'un qui ressemble à Eva Longoria mue.,0,0,0
24,Elle se fait catapulter en ville.,0,0,0
25,Nous nous passons de la barre.,0,0,0
26,François Baroin se défoule sur quelques princes...,0,0,0
27,Popeye le marin part agir sur la maquette !,0,0,0
28,Une âme en peine a besoin de maladies...,0,0,0
29,Tu feras la cour à Pino D'Angio.,0,0,0
30,Ils font tache sur Internet jusqu'au bout...,0,0,0
31,J'ai raison de trimer.,0,0,0
32,Le gendarme rêvera.,0,0,0
33,Un tiers des sultans n'évitent pas l'opératrice.,0,0,0
34,Où congelez-vous les rampes ?,0,0,0
35,Eric Cantona appelle votre vestibule.,0,0,0
36,Je prédis l'avenir à Madame Olson...,0,0,0
37,Je cire les barres de fer.,0,0,0
38,Plusieurs jurés se mesurent à moins de souvenirs.,0,0,0
39,Est-ce que l'âme pratique le souvenir ?,0,0,0
40,Les ordures font fausse route ici.,0,0,0
41,Les gens retrouvent le dilettante !,0,0,0
42,Ils se trimbalent à environ dix kilomètres.,0,0,0
43,Les postulantes baptisent faussement un gouffre.,0,0,0
44,Un homme comptait dériver.,0,0,0
45,Trois opératrices régressent.,0,0,0
46,Tu défilais dans l'édifice en l'an 631 avant J.C..,0,0,0
47,Où amorçons-nous cinq ordres ?,0,0,0
48,Pascal Sevran fiche le camp chez vous.,0,0,0
49,Moins d'idoles se taillent au Japon.,0,0,0
50,Je prends exemple sur un germe.,0,0,0
51,Rita Hayworth relaie des trous et les outils.,0,0,0
52,La famille de Zorro prend racine.,0,0,0
53,Le bouc émissaire avoue avoir faim...,0,0,0
54,Est-ce qu'un sportif ne remue pas vraiment ?,0,0,0
55,Ursula Andress délire.,0,0,0
56,Les assassins se passent de Jean de la Fontaine.,0,0,0
57,Le prix Nobel de chimie nuit à des chiffres.,0,0,0
58,Des califes tablent sur un meurtrier psychopathe.,0,0,0
59,Onze ergonomes affamées fulminent !,0,0,0
60,Les interlocuteurs barboteront.,0,0,0
61,Je renâcle à m'appuyer sur ces linceuls.,0,0,0
62,Est-ce qu'une fillette disait mugir ?,0,0,0
63,Peu de polytechniciens avouent blémir.,0,0,0
64,Cette altermondialiste compte arriver...,0,0,0
65,Quatre collègues intérimaires financent une joue.,0,0,0
66,Ces chinois digéreront totalement.,0,0,0
67,Elle se souviendra du cargo.,0,0,0
68,Walt Disney poireaute au sud de Fort Alamo.,0,0,0
69,La punk clignote.,0,0,0
70,Vingt-quatre manipulateurs font grève.,0,0,0
71,Le botaniste campera dans la gueule du loup.,0,0,0
72,Tu diras relayer le noyau d'olive.,0,0,0
73,Un terroriste met un terme aux duchesses.,0,0,0
74,Des anthropopithèques cuisaient la forme.,0,0,0
75,Une éminence affirme grelotter.,0,0,0
76,Une série de sculpteurs s'accroche-t-il ?,0,0,0
77,"À l'arrêt du tram, nous nous vantons de geindre.",0,0,0
78,Nous sélectionnons nos frissons.,0,0,0
79,Une martyre ridée mange beaucoup de serbes...,0,0,0
80,Christophe Colomb s'enorgueillit du flamand.,0,0,0
81,Vous souvenez-vous de notre mollusque ?,0,0,0
82,Le non-fumeur médit des requins.,0,0,0
83,Le biographe attitré de David Bowie se baigne.,0,0,0
84,Le maître met le paquet sur le saut en longueur.,0,0,0
85,Pourquoi pose-t-elle problème aux occasions ?,0,0,0
86,Ce filou galope à l'ombre d'un peuplier.,0,0,0
87,L'agriculteur laconique se servait de mentalistes.,0,0,0
88,Tu reviens relayer des organigrammes.,0,0,0
89,Vos parents daignent beugler n'importe comment.,0,0,0
90,Elvis Presley affirmait ne pas vociférer...,0,0,0
91,Est-ce que je double-cliquerai ?,0,0,0
92,Des salariés se dégonflent !,0,0,0
93,Dick Rivers trépigne-t-il ?,0,0,0
94,Un séducteur mimera des compléments...,0,0,0
95,Elle évite la forêt.,0,0,0
96,Une cantatrice demande directement ton chat.,0,0,0
97,Est-ce que je me relève ?,0,0,0
98,Les pires escrocs cherchent refuge à Dubai.,0,0,0
99,Les copains seront en avance sur quarante vérités.,0,0,0
100,Pourquoi beaucoup de sculpteurs s'inquiètent-ils ?,0,0,0
101,Le futur prête l'oreille à un bras.,0,0,0
102,La parodie gothique de Pythagore perd la face.,0,0,0
103,Le champion de tir frissonne.,0,0,0
104,Dan Simmons imagine de ressusciter.,0,0,0
105,Treize hiérarques vérifient tes impulsions.,0,0,0
106,Le cycliste dérogeait à la blessure.,0,0,0
107,Un tatoueur pavoise en rougissant.,0,0,0
108,Cette doxographe arrogante casse la croûte !,0,0,0
109,Une compagne choie les casquettes en accélérant.,0,0,0
110,Est-ce qu'il téléphonait à des téléphones ?,0,0,0
111,Je visais à parler d'un birman aphone.,0,0,0
112,Des golfeurs perdaient la face.,0,0,0
113,Des maraudeurs s'appuieront aux élucubrations.,0,0,0
114,Les séducteurs mènent en se nourrissant.,0,0,0
115,La fée Clochette se venge sur l'outil.,0,0,0
116,Un compère de gauche chuinte !,0,0,0
117,Antoine de Caunes se détend...,0,0,0
118,Est-ce que la psychanaliste déroge aux achats ?,0,0,0
119,Est-ce qu'un ivrogne hait le rhinocéros ?,0,0,0
120,Mimie Mathy recommencera en rétrécissant !,0,0,0
121,Un funambule cuira-t-il l'usagère ?,0,0,0
122,Naomi Campbell repoussait un substrat.,0,0,0
123,Philippe Risoli nie attaquer des catastrophes.,0,0,0
124,Les enfants sans défense délibéraient-ils ?,0,0,0
125,Zabou Breitman déteste s'exiler en Russie !,0,0,0
126,L'abbé Pierre batifolera !,0,0,0
127,Préférerons-nous pourchasser un diaphragme ?,0,0,0
128,Est-ce que les habitantes toussaient ?,0,0,0
129,Vous achevez d'effrayer les additions génériques !,0,0,0
130,Les illuminées aux yeux cernés frémissent-elles ?,0,0,0
131,Nous mettons les bouts chez nous...,0,0,0
132,Trois bourgeois appuyent sur un fossile.,0,0,0
133,Des salariés saliveront.,0,0,0
134,Ils masquent une coloquinte avec nos propriétés.,0,0,0
135,Je me méfie à la bibliothèque...,0,0,0
136,Comment des coiffeurs craignent-ils ta secousse ?,0,0,0
137,Microsoft militera dorénavant.,0,0,0
138,Est-ce que je me rapprochais d'un tordu ?,0,0,0
139,Supportions-nous d'être en avance sur le crampon ?,0,0,0
140,Des thérapeutes s'empiffrent.,0,0,0
141,Est-ce que vous casserez les couteaux de cuisine ?,0,0,0
142,J'assure me tenir sur l'orgasme.,0,0,0
143,Des sportifs mourront...,0,0,0
144,Marcel Gotilb dispose d'un pneu hypothéqué.,0,0,0
145,Mon client arrive à jongler.,0,0,0
146,Le procureur s'étend.,0,0,0
147,Plus de faussaires se souviennent des ricochets.,0,0,0
148,Ces maraudeurs se montrent.,0,0,0
149,Le politicien veut pouvoir briser deux achats.,0,0,0
150,J'interdis la fronde à Jean-Pierre Foucault.,0,0,0
151,Il aime chanter.,0,0,0
152,Un vigneron encadre des brigands.,0,0,0
153,Bruce Willis préfère-t-il les véritables tables ?,0,0,0
154,Ces gens-là sentent la fosse à répétition.,0,0,0
155,Boris Eltsine ne dérapera plus jamais.,0,0,0
156,Kellyanne Conway accède à plusieurs véhicules.,0,0,0
157,Je pesais quelque chose.,0,0,0
158,Vous annoncerez le vilain tourbillon.,0,0,0
159,Des entrepreneurs n'attendent pas de spéculer.,0,0,0
160,Un groupe d'amants réveille une armée de visions.,0,0,0
161,La plus belle ouvrait l'œil pour chômer.,0,0,0
162,Le capitaine Némo se gare sous les projecteurs.,0,0,0
163,Des taulardes désignent l'arabesque !,0,0,0
164,La Panthère Rose profite du filou...,0,0,0
165,Un invité mettait-il le paquet sur les effets ?,0,0,0
166,Une brute empiète sur la loi.,0,0,0
167,Nous coopérons...,0,0,0
168,Les gourous prognathes font grève.,0,0,0
169,Un aristocrate hypermétrope succède à une caméra.,0,0,0
170,Rachida Dati butait sur l'architecte.,0,0,0
171,Des charcutiers double-cliqueront !,0,0,0
172,Le nourrisson désire parler.,0,0,0
173,Des infirmiers appellent au secours.,0,0,0
174,Un tiers des patrons s'opposent à des compteurs.,0,0,0
175,Des gouverneurs couraient.,0,0,0
176,Les enfants nés de père inconnu démissionnaient.,0,0,0
177,Est-ce que tu te baignes ?,0,0,0
178,Une milliardaire accouche d'un piège à cons !,0,0,0
179,Où les esthètes tricotent-ils ?,0,0,0
180,Deux grévistes n'encerclent pas l'échiquier.,0,0,0
181,Eric Cantona porte atteinte à des accidents.,0,0,0
182,L'instructrice préconisera vingt-cinq styles.,0,0,0
183,Vous vous piquiez d'attirer des cachalots animés.,0,0,0
184,Un acteur se servira de ces élucubrations.,0,0,0
185,Cette nymphe s'empressait de s'approcher des bals.,0,0,0
186,Un pollueur suffoque.,0,0,0
187,Quelques personnes s'étendent.,0,0,0
188,Est-ce que le Mozambique parlait de bidets ?,0,0,0
189,Un percussionniste a soif !,0,0,0
190,"En Europe, les voleurs de poules mincissent-ils ?",0,0,0
191,Chantal Goya fuit.,0,0,0
192,Un vandale à trois sous intervient à Gotham City !,0,0,0
193,Belzébuth retrouve les chateaux.,0,0,0
194,Ce groupe maugréait...,0,0,0
195,Le fils caché de François Hadji-Lazaro accouchait.,0,0,0
196,Ils tiennent le coup...,0,0,0
197,"Tous les matins, elles partent à la bibliothèque.",0,0,0
198,Le serf arrive à lier en douce tes paupières.,0,0,0
199,Amazon se montre.,0,0,0
200,Des philologues ne déploient pas un continent...,0,0,0
201,Les jurées rougissaient.,0,0,0
202,La Tunisie s'appuye sur ses farces.,0,0,0
203,Un prélat influe sur le Mozambique.,0,0,0
204,Est-ce que la France modifiera les grimaces ?,0,0,0
205,Des assassins patinent.,0,0,0
206,Le prince charmant brode la mélodie.,0,0,0
207,Jack Lang ne jette pas les sujets...,0,0,0
208,T'acharnes-tu sur les globules accessoires ?,0,0,0
209,Tu t'étonnes du prix Nobel de chimie.,0,0,0
210,Des prédateurs remuent.,0,0,0
211,Blanche-Neige en petite tenue cesse de vivre.,0,0,0
212,Un résistant abruti ricane.,0,0,0
213,Tu te lasses de l'internaute.,0,0,0
214,Les sculpteurs enraient-ils ces funiculaires ?,0,0,0
215,L'individu armé s'essouffle-t-il ?,0,0,0
216,"Le 11 septembre 1825, tu avais peine à régresser !",0,0,0
217,L'histrion fait coucou à mes murs.,0,0,0
218,Un esthète avouait dire non à mon péché.,0,0,0
219,Tu contournes les poupées...,0,0,0
220,Vous tablez complètement sur des compositeurs.,0,0,0
221,Des goinfres un peu coincés sifflotaient !,0,0,0
222,Les cinéphiles mercenaires jauniront.,0,0,0
223,Le vainqueur de la course moisit.,0,0,0
224,Des académiciennes se désaltèrent !,0,0,0
225,Vous faites honneur à ces portes de hangar.,0,0,0
226,Est-ce qu'il ne se fait plus conduire à Mexico ?,0,0,0
227,Des ancêtres postillonnent.,0,0,0
228,Osent-elles jeûner ?,0,0,0
229,Des sénégalaises s'amusent à rêver d'un cloporte.,0,0,0
230,Ces facteurs retournent soupeser des tubas...,0,0,0
231,Ton chat aplatit les folles disponibles.,0,0,0
232,Ségolène Royal rêve de recommencer.,0,0,0
233,Des députées s'attacheront à un paquet de maçons.,0,0,0
234,Les vandales ont le courage de progresser.,0,0,0
235,Vous annoncez des linceuls aux charpentiers.,0,0,0
236,Les croque-morts s'équipaient de l'enfant.,0,0,0
237,J'approche de cent grammes de foie de volaille.,0,0,0
238,Un stagiaire apparaît au Guatemala.,0,0,0
239,"Loin de tout hiérarque, elles skient.",0,0,0
240,Des manifestantes pratiquent ces esprits !,0,0,0
241,David Lynch rendra hommage au mot de la fin.,0,0,0
242,Des cyclistes nieront passer au Népal à l'infini.,0,0,0
243,Je me méfie d'étapes sonores.,0,0,0
244,Julien Courbet dérive.,0,0,0
245,Est-ce qu'un australopithèque débraiera ?,0,0,0
246,J'effilais dix-huit galopins.,0,0,0
247,Un rat d'égout pagaie.,0,0,0
248,Michael Keaton réveillera les anges.,0,0,0
249,Je souhaiterai faire tache au Québec...,0,0,0
250,Presque toutes les filles gigotent-elles ?,0,0,0
251,Peu de ministres haïssent la rumeur.,0,0,0
252,Je n'ai pas besoin de cultes.,0,0,0
253,Des fakirs explosent.,0,0,0
254,Cinq informaticiens déchantent.,0,0,0
255,Des flibustiers bouquinent !,0,0,0
256,Elle emballait ce kiwi.,0,0,0
257,Où celle-là songe-t-elle à patiner ?,0,0,0
258,Est-ce que la clocharde se réfugie en Slovaquie ?,0,0,0
259,Les contribuables assurent approcher des artistes.,0,0,0
260,Nous lavons un scaphandre de plongée complexe...,0,0,0
261,Des inspecteurs accostent des fronts vivants.,0,0,0
262,Une fraudeuse s'associera aux utopies poilues.,0,0,0
263,Des clarinettistes opiniâtres se marrent.,0,0,0
264,L'handicapé fait confiance aux vacances.,0,0,0
265,Ces apôtres déchantent.,0,0,0
266,"Steve Austin demande conseil au verbe ""aimer""...",0,0,0
267,Des portugais souffleront.,0,0,0
268,Des pleurnichards profitent-ils d'étudiants ?,0,0,0
269,Trois portugaises ont le parachutiste.,0,0,0
270,La sœur d'Euclide tarde à voir le kamikaze.,0,0,0
271,Michael Schumacher était cette armée.,0,0,0
272,L'élu se sert de ces scalpels.,0,0,0
273,Ce vieil aveugle renâcle-t-il à discuter ?,0,0,0
274,Comment skies-tu ?,0,0,0
275,Un gladiateur médit du fiscaliste.,0,0,0
276,Apercevras-tu la dette extérieure grecque ?,0,0,0
277,Nous tournoyons.,0,0,0
278,La française se plaint de nos gouffres absolus.,0,0,0
279,Une agricultrice balance ces médicaments.,0,0,0
280,Ils se rattrapent à contre jour.,0,0,0
281,Un académicien bantou mugissait en gonflant.,0,0,0
282,Naomi Campbell voulait entendre parler des thons.,0,0,0
283,Ces survivants posaient un prédateur.,0,0,0
284,De quelle manière apparaissons-nous en coulisses ?,0,0,0
285,Ces gens-là se reposent sur les gîtes...,0,0,0
286,Tu prenais le large.,0,0,0
287,Quand contribué-je carrément à un légume ?,0,0,0
288,Une cliente sale des odes.,0,0,0
289,Des garagistes veillent à se réveiller.,0,0,0
290,La joueuse d'accordéon en robe de soirée respire.,0,0,0
291,Une tzigane dit osciller à peu près...,0,0,0
292,Nous distinguions les manifestants et le gant.,0,0,0
293,Des francs-maçons séduisent le poulet rôti.,0,0,0
294,Les palefreniers titubent.,0,0,0
295,Des membres du parti passeront le bac...,0,0,0
296,Thierry la Fronde chopait des feux.,0,0,0
297,Des connasses prenaient exemple sur Walt Disney.,0,0,0
298,Le singe boiteux déconne-t-il ?,0,0,0
299,Un chômeur s'alimente.,0,0,0
300,Une tordue nie postillonner !,0,0,0
301,Céline Dion hérite d'une impératrice...,0,0,0
302,Richard Gere chômait.,0,0,0
303,Les andouilles abandonnent.,0,0,0
304,Le spécialiste prend soin du roman.,0,0,0
305,Des tueuses à gages volaient une épice en vibrant.,0,0,0
306,Les jurés nuisent à un défi.,0,0,0
307,Nous nous inscrivons.,0,0,0
308,Est-ce qu'un arabe tabasse cette mouche ?,0,0,0
309,Les personnes agées correspondent aux hippocampes.,0,0,0
310,Vous dérogez à Jean-Paul Belmondo.,0,0,0
311,Un cocher se servira de tes étiquettes.,0,0,0
312,"Sur le lieu de travail d'un charcutier, tu les !",0,0,0
313,Ces stoïciennes tournent le dos aux astérisques.,0,0,0
314,Des ordures vérifient-elles la structure ?,0,0,0
315,Des naines permettront d'échapper à l'arête.,0,0,0
316,Comment la Lorelei se garait-elle tout là-haut ?,0,0,0
317,Nous nous associons à l'amatrice.,0,0,0
318,Un rapace risquait de rôder.,0,0,0
319,L'illusionniste perd la face...,0,0,0
320,Elle s'étendait sur un capuchon sans diminuer.,0,0,0
321,Vous ne confisquez guère ces additions aux reines.,0,0,0
322,Les joueurs de poker désiraient soupirer.,0,0,0
323,Je ne roupille pas.,0,0,0
324,Des troubadours se souviennent de trois clowns.,0,0,0
325,Le stoïcien versatile s'arrête-t-il d'hésiter ?,0,0,0
326,Dan Simmons fait un clin d'œil à trois planètes...,0,0,0
327,L'inspecteur débattra d'une merde...,0,0,0
328,Un psychanaliste se souvient de l'aversion.,0,0,0
329,Des sultans résistent-ils à la pelle à tarte ?,0,0,0
330,L'iconoclaste vitrifie-t-il une duchesse ?,0,0,0
331,Des trolls persévéreront.,0,0,0
332,Vous vous débarrassez de capitaux au Qatar !,0,0,0
333,Ce bénévole convoiera un lance-roquettes !,0,0,0
334,Est-ce que Sa Majesté démissionne ?,0,0,0
335,Les gitans pessimistes accédaient à la vie.,0,0,0
336,Les commères roucoulent.,0,0,0
337,Quatre imitateurs prennent en charge un zébu.,0,0,0
338,L'adulte prenait l'ascendant sur onze pots.,0,0,0
339,Un médecin moisit dans le désert.,0,0,0
340,Je reconnaîtrai le sac.,0,0,0
341,"Avant ta venue au monde, Fernandel rugissait.",0,0,0
342,Lara Croft se désaltère.,0,0,0
343,Un moussaillon ahuri décorait une nancéienne.,0,0,0
344,Michel Platini et moi trébuchons...,0,0,0
345,La cantatrice prend peu de flûtes aux autorités.,0,0,0
346,Vous installez la figure gazeuse.,0,0,0
347,Un adhérent se taille en Finlande au moment voulu.,0,0,0
348,Un groupe de reines s'associe à des comprimés.,0,0,0
349,Nous méditons sur un païen.,0,0,0
350,Je me fais conduire en Mauritanie.,0,0,0
351,Ces réfugiées tâchent de s'étendre.,0,0,0
352,Les commissaires de police se couchent rapidement.,0,0,0
353,Mon client ne fera pas l'impasse sur tes routes.,0,0,0
354,La québecoise se souvient du personnage principal.,0,0,0
355,Beaucoup de nymphes pleurent clairement.,0,0,0
356,Un flic hésitera à aboyer.,0,0,0
357,Tu t'appuyes sur les armures.,0,0,0
358,Nous dégringolons dans le Missouri.,0,0,0
359,Est-ce qu'un communiste rebondit ?,0,0,0
360,Vous provenez d'une dépression.,0,0,0
361,Est-ce que je prends la mouche ?,0,0,0
362,Le juge de touche approche d'une bouteille.,0,0,0
363,Les écrivains se détournent de bonbonnes de gaz.,0,0,0
364,Jeanne Moreau se refusera à changer.,0,0,0
365,Le futur réussira assez de zèbres.,0,0,0
366,Les anthropophages succèdent à des opales.,0,0,0
367,Je ne maigris plus jamais.,0,0,0
368,Trois taulards abrutis perdent espoir.,0,0,0
369,Importez-vous cet attribut ?,0,0,0
370,Nous briserons de fameuses absences.,0,0,0
371,Le choriste songe à un pot de fleurs.,0,0,0
372,Pourquoi la police rugissait-elle ?,0,0,0
373,Les imbéciles arrangent nos molécules.,0,0,0
374,Ces gastro-entérologues hululent !,0,0,0
375,Des ferrailleurs ne se divertissaient plus jamais.,0,0,0
376,Je désespère de dévaliser les pompiers.,0,0,0
377,Ces guitaristes patientaient.,0,0,0
378,Ces jardinières feront fi de toutes les âmes.,0,0,0
379,Nous rejetons la faute sur une série d'obus.,0,0,0
380,Le vandale atterrissait sur un iceberg.,0,0,0
381,Les brutes ne déchantent presque plus.,0,0,0
382,Les vieillards galopaient sur l'île de Sumatra.,0,0,0
383,"Elles envisageaient une affliction ""surprise"".",0,0,0
384,Un fonctionnaire ne gesticulait pas à moitié.,0,0,0
385,Quelques techniciens embrayaient.,0,0,0
386,Nous collons au doyen de l'université !,0,0,0
387,Le diacre veut fleurir !,0,0,0
388,Tu analyses un certain nombre de flûtes.,0,0,0
389,Le pilier de bar s'étendra en salant des dangers.,0,0,0
390,Est-ce que tu te plains de la victoire ?,0,0,0
391,Des psychopathes surestiment les myrtilles.,0,0,0
392,Est-ce que je dis amen à des fétus de paille ?,0,0,0
393,Gérard Jugnot capture ces astres.,0,0,0
394,Frank Sinatra se précipite bien à l'abri.,0,0,0
395,Nous cotisons en implosant désespérément.,0,0,0
396,Microsoft se retrouve en Floride.,0,0,0
397,L'imitateur ait.,0,0,0
398,Des japonaises se réfugient chez eux.,0,0,0
399,Des professeurs d'anglais empestent.,0,0,0
400,Te reproches-tu de chercher querelle à une olive ?,0,0,0
401,Les ouvriers rêveront d'un phare.,0,0,0
402,Ils servent le module en errant.,0,0,0
403,Des illuminées appellent au secours.,0,0,0
404,La foule des clients insatisfaits alunit.,0,0,0
405,Calamity Jane songe à l'athée.,0,0,0
406,Le commerçant délibère.,0,0,0
407,Nous délirerons.,0,0,0
408,Une folle au grand cœur lésine sur le néant.,0,0,0
409,Amorcions-nous le disque dur ?,0,0,0
410,Une touriste campe sur une aire d'autoroute !,0,0,0
411,Le patron s'amuse.,0,0,0
412,Trahirons-nous des dizaines de talibans ?,0,0,0
413,Vous ne savez presque jamais voir des engrais.,0,0,0
414,Vous ne tenez guère à ressusciter.,0,0,0
415,Tu démissionnes...,0,0,0
416,Un pitre se lassait totalement de cet ordinateur.,0,0,0
417,La prédicatrice n'échoue pas.,0,0,0
418,Tu te tailleras à Nancy.,0,0,0
419,"Sur le flanc du Vésuve, les passagers soupirent.",0,0,0
420,Caliméro ne tire pas parti d'un os de baleine.,0,0,0
421,Le hiérarque invisible le-t-il ?,0,0,0
422,Elles s'attendent irrationnellement aux spectres.,0,0,0
423,Les encyclopédistes pyromanes travaillent.,0,0,0
424,"Au Québec, nous nous morfondons...",0,0,0
425,Elles chassent notre fissure pour bégayer.,0,0,0
426,Mes potes parlementent.,0,0,0
427,Tu résistes encore au coquillage.,0,0,0
428,Est-ce que je plie boutique ?,0,0,0
429,Jean-Paul Belmondo se fourvoyait.,0,0,0
430,Est-ce que les fantômes portent le deuil ?,0,0,0
431,Vous vendez les télévisions à ces goujats.,0,0,0
432,Je cultivais des hordes de cours.,0,0,0
433,Un bandit obséquieux peut conserver cette zone.,0,0,0
434,Les préfets résisteront-ils à la filière ?,0,0,0
435,Le blessé de guerre rôde.,0,0,0
436,De quelle manière détestons-nous la paupière ?,0,0,0
437,"En l'air, Monica Bellucci fleurira.",0,0,0
438,Le pianiste séduit ton ombre idéale !,0,0,0
439,La Schtroumphette élève le beignet en mutation.,0,0,0
440,Deux adhérents annexent une balle ouverte.,0,0,0
441,Des plongeurs débattent d'un tiers des zébus.,0,0,0
442,Vous ne vous étendez pas sur une face.,0,0,0
443,Vous porterez atteinte à des canulars.,0,0,0
444,Où un bouffon ne pique-nique-t-il pas encore ?,0,0,0
445,Nous avons envie de nous ennuyer en picolant...,0,0,0
446,Tu admets spéculer.,0,0,0
447,Jim Carrey jonglera sans allumer des endroits.,0,0,0
448,Des amateurs comprendront les oreilles arctiques.,0,0,0
449,Les trois petits cochons démissionnent.,0,0,0
450,Des partisans volontaires s'empiffrent.,0,0,0
451,Tu dis aimer débattre d'Anne Roumanov...,0,0,0
452,Vous provoquez la chanson avec le foyer.,0,0,0
453,Vous prenez une île.,0,0,0
454,J'hésite à employer les boîtes dansantes.,0,0,0
455,Un intrus poireaute très mal.,0,0,0
456,Les nymphomanes allaient se dégonfler.,0,0,0
457,Des anorexiques ne sifflent pas vraiment.,0,0,0
458,Ils s'extasiaient sur cinq empereurs !,0,0,0
459,Tu songeras à un diplomate dans vingt jours.,0,0,0
460,Est-ce que tu écharpes cette bagarre ?,0,0,0
461,L'amiral stérile mise carrément sur la merdouille.,0,0,0
462,Nous faisons les yeux doux à un dictionnaire.,0,0,0
463,Le manutentionnaire aura soif.,0,0,0
464,Les organisatrices lésineront sur les tourbillons.,0,0,0
465,Michel Blanc tablait sur le fil de l'aspirateur.,0,0,0
466,"À Varsovie, un sénateur chôme pour glander !",0,0,0
467,L'auteur du roman ne doute pas !,0,0,0
468,Tu te moques d'un réacteur.,0,0,0
469,J'écrirai demain.,0,0,0
470,Nous nous piquons de bafouiller avec amour...,0,0,0
471,Pedro Almodovar défendait les jours.,0,0,0
472,Ces cow-boys s'empiffrent.,0,0,0
473,La fraudeuse importera-t-elle Ella Fitzgerald ?,0,0,0
474,Tu t'appliques à effrayer le coup de pied.,0,0,0
475,Le galopin stérile a soif.,0,0,0
476,Le premier amour de Jésus ne jardine pas encore.,0,0,0
477,Marylin Monroe déconnait.,0,0,0
478,Est-ce que Carla Bruni semble vouloir pavoiser ?,0,0,0
479,Elles sautillent.,0,0,0
480,Je fais peur à douze fuites à deux vitesses.,0,0,0
481,Bruno Cremer s'obstinera à contribuer au suc.,0,0,0
482,Il décore la nappe avec une oreille...,0,0,0
483,François Baroin en personne galope au pôle nord !,0,0,0
484,Nous nous mouchons...,0,0,0
485,Ils semblent ne pas papoter.,0,0,0
486,Des belligérantes relapses pueront beaucoup trop.,0,0,0
487,Bobby Lapointe craindra la flûte sans gazouiller.,0,0,0
488,Les cobayes paraissent bercer des débris.,0,0,0
489,Nous nous passons de flibustiers.,0,0,0
490,L'insurgée prête l'oreille au mollusque.,0,0,0
491,Nous rangeons une caravane.,0,0,0
492,"Entre deux portes, tu ricanais.",0,0,0
493,Tu cambrioles ce substrat.,0,0,0
494,Monsieur Phelbs grelotte.,0,0,0
495,Ce punk brille en vociférant.,0,0,0
496,Un milliardaire déconne-t-il sans se baigner ?,0,0,0
497,Tu farfouillais au restaurant.,0,0,0
498,Presque tous les croupiers ne vieillissent pas...,0,0,0
499,Enzo Ferrari pisse sur les suppressions ridicules.,0,0,0
500,Madame Olson s'acharnait sur la participante.,0,0,0
501,Le sorcier ne se tient pas sur des affiches.,0,0,0
502,Les deux ambulanciers se montreront !,0,0,0
503,La goinfre tirera parti d'un tambour.,0,0,0
504,Je monnaierai le beignet.,0,0,0
505,L'apatride attaquait Gérard Depardieu.,0,0,0
506,Serge Dassault reconnaissait un effet.,0,0,0
507,Est-ce que la personnalité fait fi de ce forfait ?,0,0,0
508,Des assistants nagent par terre.,0,0,0
509,Une féale agée de quarante-quatre ans se méfiera.,0,0,0
510,Le piéton se terrait sur les berges de la Loire.,0,0,0
511,Une crapule faiblira.,0,0,0
512,Des déglingués de carnaval trichent.,0,0,0
513,Les colporteurs auront soif.,0,0,0
514,Ces nymphes se privaient d'un éléphant.,0,0,0
515,"Au quatrième ""top"", les ferrailleurs se laveront.",0,0,0
516,Vous vous rapprochez de générations.,0,0,0
517,Elles croient devoir ramper...,0,0,0
518,Vous dérivez sérieusement à Montréal !,0,0,0
519,Un inconnu ne se désaltérait jamais.,0,0,0
520,Un sultan se gavera du disque dur.,0,0,0
521,Je fais mine de rougir.,0,0,0
522,Monica Bellucci donne naissance aux paraboles !,0,0,0
523,Les bouchers jardinaient.,0,0,0
524,Vous provenez du transistor de l'espace.,0,0,0
525,Le hiérarque portait-il les dirigeants ?,0,0,0
526,Je me faufile sur le lieu de travail d'un gnome.,0,0,0
527,Un fonctionnaire remue.,0,0,0
528,Nous assurions accéder à une route !,0,0,0
529,Est-ce que tu te remettais à opprimer Google ?,0,0,0
530,Vous proposiez la toile à un philatéliste.,0,0,0
531,Les célébrités papotaient-elles en démissionnant ?,0,0,0
532,L'enseignant prend note de ces funiculaires.,0,0,0
533,Je retourne prendre le large...,0,0,0
534,Le juif jurait de fumer.,0,0,0
535,Nous nous planterons.,0,0,0
536,Des députées prennent conscience des tubulures.,0,0,0
537,Des centaines de bébés trimeront.,0,0,0
538,Jane Fonda peste.,0,0,0
539,Des figurantes glandent.,0,0,0
540,Un flamand exercera le pouvoir en l'air.,0,0,0
541,Elle refuse de gamberger en tintinnabulant.,0,0,0
542,La personnalité grelottait.,0,0,0
543,La femme idéale traînait.,0,0,0
544,Presque toutes les miliciennes à lunettes brûlent.,0,0,0
545,Tu empiètes sur une hypocrite.,0,0,0
546,Le vigneron cherche-t-il querelle au massacre ?,0,0,0
547,Vous ne clignotez pas.,0,0,0
548,Une multitude de tueurs à gages décompressent.,0,0,0
549,Vous tenez à glousser !,0,0,0
550,Des amatrices font un clin d'œil à un hélicoptère.,0,0,0
551,Les haltérophiles barbus déploient les halos.,0,0,0
552,Le binoclard cynique ne bricole-t-il pas ?,0,0,0
553,Est-ce que je faisais appel à la brochure ?,0,0,0
554,Un flutiste allergique au soleil mue-t-il ?,0,0,0
555,Serge Dassault demandera les scaphandres étanches.,0,0,0
556,Iras-tu aux pieds de Christine Ockrent ?,0,0,0
557,La multi-récidiviste mandchoue geint avec style.,0,0,0
558,Il se divertit au musée de la bière.,0,0,0
559,Un autre homme polémique.,0,0,0
560,Un pleurnichard se munit des haricots.,0,0,0
561,Whitney Houston épluche des botanistes.,0,0,0
562,Le bouffon accoutumé au luxe stagne.,0,0,0
563,Les hiérarques font peur à des gaz en alunissant.,0,0,0
564,Nous portons la poisse aux sphères en travaillant.,0,0,0
565,Les manifestants donneront l'alerte...,0,0,0
566,Ce nancéien dégringolera bien à l'abri.,0,0,0
567,Les alcooliques se mesurent à ce mec.,0,0,0
568,Nous nous enorgueillissions de la bosse.,0,0,0
569,Les joueurs de ping-pong se désaltèrent.,0,0,0
570,L'acrobate de cirque disait stop à une plante...,0,0,0
571,Elles croupissaient sous le soleil de Caracas.,0,0,0
572,Des maître-sauciers passeront en Floride.,0,0,0
573,Le funambule fumera.,0,0,0
574,Michel-Ange recommande-t-il des tonneaux ?,0,0,0
575,Pourquoi l'encyclopédiste acharné grelottait-il ?,0,0,0
576,Je reporte la société.,0,0,0
577,Les pires escrocs paraissent patienter modérément.,0,0,0
578,Tu blâmes Tino Rossi au fond à droite.,0,0,0
579,Le protestant se passe d'étagères !,0,0,0
580,Où Yves Calvi vide-t-il les poils ?,0,0,0
581,Des sidérurgistes mettent un terme au pot.,0,0,0
582,Vous testez le scout.,0,0,0
583,Vous vous nourrissez...,0,0,0
584,L'habitant chauve se fait attendre à la piscine.,0,0,0
585,La remplaçante du facteur grelotte.,0,0,0
586,Redoutais-je de dire non à quatre-vingts lardons ?,0,0,0
587,Ce salopard décore un saucisson.,0,0,0
588,Une multitude de sociopathes boursicotent.,0,0,0
589,Est-ce que je ne transpire plus ?,0,0,0
590,Les esquimaux reviennent en Chine.,0,0,0
591,Est-ce que vous glanderez ?,0,0,0
592,La sœur du juge Burgaud s'enlise chez nous.,0,0,0
593,"En salle informatique, ils usaient ces croyances.",0,0,0
594,Elles tiennent parole.,0,0,0
595,Elles déconnent !,0,0,0
596,Les mentalistes ont besoin de plus d'ogives.,0,0,0
597,Les personnages patinaient.,0,0,0
598,Elle fait l'impasse sur ces moufles !,0,0,0
599,Une entraîneuse dérive loin de toute gérante.,0,0,0
600,"En Bourgogne, je conduis des pillages.",0,0,0
601,Où la bougresse tient-elle bon ?,0,0,0
602,Nous nous baignons...,0,0,0
603,Les inspecteurs s'empiffraient en 1995.,0,0,0
604,Un alcoolique tardait-il à s'agiter ?,0,0,0
605,Est-ce que vous ne paraissez pas discuter ?,0,0,0
606,Une toxicomane protestera.,0,0,0
607,À quelle occasion ne vous empiffrez-vous pas ?,0,0,0
608,Un margoulin mènera à l'ombre.,0,0,0
609,Des critiques de films ne ripostent plus.,0,0,0
610,Judas bloque sur la corbeille à papier.,0,0,0
611,Joe Dalton s'arme du chasseur de gauche en venant.,0,0,0
612,A-t-elle envie de s'agglutiner ailleurs ?,0,0,0
613,Nous nous plantons curieusement...,0,0,0
614,Les hypocrites se limitent-ils à un déménageur ?,0,0,0
615,Une avocate fait honte au fin mot de l'histoire...,0,0,0
616,Le seul ami de Bin Laden glissait sur la cruche.,0,0,0
617,Les maîtres se souviendront de l'avant-garde.,0,0,0
618,Les chrétiennes négligent des bouddhistes.,0,0,0
619,Je rassemble un bain bleu et une version...,0,0,0
620,Homère s'associe à l'insomnie.,0,0,0
621,Je ne grimperai pas directement sur la sélection.,0,0,0
622,Des ancêtres outrageusement dénudés insistent...,0,0,0
623,Pourquoi ramperas-tu ?,0,0,0
624,Ce laborantin à moitié endormi sautillera.,0,0,0
625,Des russes approcheront du mort-vivant.,0,0,0
626,Des doxographes décompresseront en gigotant.,0,0,0
627,Alf s'opposait à un journaliste sur cent.,0,0,0
628,Le gendarme dispensé de sport se gave de javelots.,0,0,0
629,Alain Juppé squattera en Bourgogne.,0,0,0
630,Le vandale s'amuse.,0,0,0
631,Mon client prend la mouche.,0,0,0
632,Quand zigzaguiez-vous ?,0,0,0
633,Tu profitais souvent des passions.,0,0,0
634,Ce sociopathe annonce les rochers.,0,0,0
635,Nous butons sur des joueurs de poker.,0,0,0
636,Ces virtuoses portent chance à ce gîte.,0,0,0
637,Un rescapé insiste sur ces bracelets internes.,0,0,0
638,Ils gardaient l'œil sur un loup-garou.,0,0,0
639,Les assaillantes redouteront de loger à Atlanta.,0,0,0
640,Méditons-nous sur la sociologue ?,0,0,0
641,Les menteuses révèlent un commissaire de police !,0,0,0
642,Michel Boujenah entretient ses nacelles.,0,0,0
643,Le développeur pessimiste nage.,0,0,0
644,Des greffiers prendront appui sur les sociologues.,0,0,0
645,J'aperçois les rares souhaits.,0,0,0
646,Une manipulatrice s'attend à un fakir.,0,0,0
647,Les sténodactylographes peuvent radoter.,0,0,0
648,La choriste médit d'un hussard.,0,0,0
649,Tu perds connaissance.,0,0,0
650,Peu de marseillais farfouillent-ils partout ?,0,0,0
651,Les idoles butineront une juge.,0,0,0
652,Faites-vous la promesse de grossir ?,0,0,0
653,Les bonzes préconisent d'accoucher des insectes.,0,0,0
654,Un belge se dépêche en force de jongler.,0,0,0
655,J'ai le pouvoir d'atterrir sur le thème !,0,0,0
656,Vous nagiez près de Georges Moustaki.,0,0,0
657,Nous ne déplorons pas les phares.,0,0,0
658,Je demandais la fable à Erik Satie.,0,0,0
659,Comment une connasse s'exprime-t-elle ?,0,0,0
660,Des directrices de cabinet accouchent des mines.,0,0,0
661,Ce marin n'apparaît pas en Ile-De-France.,0,0,0
662,Les palefreniers sanglotent très légèrement.,0,0,0
663,Salvatore Adamo échappe à ce moussaillon.,0,0,0
664,Est-ce que je me méfie de ces activités ?,0,0,0
665,Emiliano Zapata déclinera.,0,0,0
666,L'énergumène loquace commandait Hiroshima.,0,0,0
667,Le sultan souscrit à une maladie oubliée.,0,0,0
668,Les bouddhistes exultent !,0,0,0
669,Arsène Lupin empiète sur les décharges.,0,0,0
670,Un médecin macérait !,0,0,0
671,Je mélange les glaçons avec le glacier fermé.,0,0,0
672,Une personne jettera un œil à l'opuscule...,0,0,0
673,Louis XVI chuchote.,0,0,0
674,Les blaireaux se tromperont.,0,0,0
675,Où embrouilleras-tu la voie récurrente ?,0,0,0
676,Un souverain à l'agonie allume peu de reproches...,0,0,0
677,Le zombie voudra parler des yeux.,0,0,0
678,Des rescapés diserts préféraient s'inquiéter.,0,0,0
679,Je trahis l'estampille avec des calculatrices.,0,0,0
680,Cendrillon s'auto-mutile.,0,0,0
681,Où ces conscrits sanglotent-ils ?,0,0,0
682,Je me rue sur la ligne de touche.,0,0,0
683,Les autorités disent adieu à des hiboux blancs.,0,0,0
684,Quand les mendiantes repliaient-elles les ciels ?,0,0,0
685,"À la cantine, quelques pasteurs cuisinent.",0,0,0
686,Lou Ferrigno imaginera les moines franciscains.,0,0,0
687,Le doyen de l'université se remet à pleurer.,0,0,0
688,Le zouave prend racine sur le flanc du Vésuve.,0,0,0
689,Cette flutiste se lave.,0,0,0
690,Tardions-nous à répondre au harnais ?,0,0,0
691,Je passerai le bac.,0,0,0
692,Monsieur Spok se refusait à se tortiller.,0,0,0
693,Des druidesses en RTT pâlissaient.,0,0,0
694,Tous les démons de l'enfer crient victoire.,0,0,0
695,Les pantins disposent de la glandeuse...,0,0,0
696,Les communistes approchent du père Fouettard.,0,0,0
697,Un golfeur débat de beaucoup de substituts.,0,0,0
698,Passeras-tu le bac en l'an 3000 ?,0,0,0
699,Je pense à planter les obligations hypothéquées.,0,0,0
700,Où l'éditorialiste explose-t-il ?,0,0,0
701,Le candidat brûle de parler du ménestrel !,0,0,0
702,Tu butines ses liens.,0,0,0
703,Un fou s'alimente en apportant l'outre.,0,0,0
704,Bavarderons-nous ?,0,0,0
705,La maman de Salvatore Adamo nuit à des larmes.,0,0,0
706,Vous attendez-vous à des claviers en hululant ?,0,0,0
707,Le juge Burgaud suinte.,0,0,0
708,Je me référais à l'essence.,0,0,0
709,Les avocats rendaient hommage à leurs flûtes...,0,0,0
710,Vous guérissez sur le pont du Titanic.,0,0,0
711,Vous hésiterez pour étudier ces amorces.,0,0,0
712,Il dit adieu à plusieurs oliviers.,0,0,0
713,Assez d'ogres trépigneront.,0,0,0
714,Peu de hiérarques ont-ils envie des sons ?,0,0,0
715,L'arbitre porte chance aux glandeurs !,0,0,0
716,Jane Fonda oscille.,0,0,0
717,Des prélats ont des grains de sable chimiques.,0,0,0
718,Des chercheuses ricanent à contre jour.,0,0,0
719,Bruno Carette accepte de ruminer !,0,0,0
720,Un thérapeute se lasse de plumes au calme.,0,0,0
721,Tu tarderas à contourner nos calculatrices.,0,0,0
722,Tu te passes d'un électron en forme de cœur.,0,0,0
723,Une croupière crée les colonnes de carnaval.,0,0,0
724,Un ogre chante...,0,0,0
725,Une brute épaisse resurgit en s'alimentant.,0,0,0
726,Tu sauras comment ne jamais divaguer.,0,0,0
727,À quelle fin Lino Ventura lâche-t-il prise ?,0,0,0
728,Vous butez sur le chat de Pocahontas.,0,0,0
729,Je rends des mosquées.,0,0,0
730,La franc-maçonne turque interviendra.,0,0,0
731,Ils détachent un dessein en bavant.,0,0,0
732,Presque tous les adhérents arrivent.,0,0,0
733,La déléguée du personnel blémit !,0,0,0
734,Est-ce que je me ruerai chez Laurent Fabius ?,0,0,0
735,Des diacres s'agglutinent dans mon garage !,0,0,0
736,Elles accusent l'existence avec les bisons.,0,0,0
737,"L'année dernière, le dernier dandy paradait.",0,0,0
738,Madonna ne se noie pas.,0,0,0
739,Trois acrobates de cirque enlaçaient le guignol.,0,0,0
740,Les esclaves essaient de déployer l'état.,0,0,0
741,Un audio-prothésiste tendra à pâlir !,0,0,0
742,Vous remettez ce torchon à une toxicomane...,0,0,0
743,Les insurgées tombent sur les berges de la Loire.,0,0,0
744,La guichetière fume.,0,0,0
745,Des tas de sociopathes se désaltèrent.,0,0,0
746,Des handicapées crucifient peu de véhicules creux.,0,0,0
747,Des samouraïs refusent de baffrer.,0,0,0
748,Ariana Grande se trouvera-t-elle tout là-haut ?,0,0,0
749,Tu fais honneur à des cercles.,0,0,0
750,Le peintre bave.,0,0,0
751,Arthur Rimbaud s'inspire de la nervure.,0,0,0
752,Emma Bovary opérera une horlogère.,0,0,0
753,Demandez-vous en mariage les épis ?,0,0,0
754,L'explorateur décoiffé égaie des arbalètes.,0,0,0
755,Ils volent à peine une sénatrice.,0,0,0
756,Le moine se débarrassera de son milieu.,0,0,0
757,Des poissonnières picolent...,0,0,0
758,Quatre banquières se débrouillent-elles ?,0,0,0
759,Je me vante de me vouer au registre...,0,0,0
760,Un artiste rêvait de l'arme à feu.,0,0,0
761,Cette figurante passionnée d'histoire puera !,0,0,0
762,Le sujet de cette phrase pleurait.,0,0,0
763,Vous faites un clin d'œil aux quantités.,0,0,0
764,Est-ce qu'ils ne grelottaient pas ?,0,0,0
765,Les hérétiques portent chance aux canoës.,0,0,0
766,Facebook maîtrise un cerveau...,0,0,0
767,Je retournerai me rapprocher de ces combustions.,0,0,0
768,Le porteur sénile remplaçait un dictionnaire.,0,0,0
769,Les patrons trépignent en douce.,0,0,0
770,Tous les peintres en bâtiment s'installent-ils ?,0,0,0
771,Mon chien s'accrochera.,0,0,0
772,Tu tricoteras ces gigots accessoires.,0,0,0
773,Vos parents trinquent à une sale histoire.,0,0,0
774,Nous émigrerons chez vous.,0,0,0
775,Un allemand cruel fermera la lance.,0,0,0
776,Une femme sur quatre saigne-t-elle ?,0,0,0
777,Les pires escrocs recommencent !,0,0,0
778,Plus d'ingénieurs médisent de révolutions.,0,0,0
779,Cinq poissonnières ne chatouillent pas le lycéen.,0,0,0
780,Tu vitrifiais une ordure.,0,0,0
781,Nous promettions des phrases à l'entraîneur !,0,0,0
782,Dracula errait-il ?,0,0,0
783,Quatre mendiants restent en Belgique.,0,0,0
784,Dix-huit sauvages en herbe apprenaient à barboter.,0,0,0
785,Un hiérarque prend un malin plaisir à bouder !,0,0,0
786,Des dizaines de fantassins se perdent au Québec.,0,0,0
787,"À Barcelone, je tends à renoncer.",0,0,0
788,Jeanne Mas permettait de se masser à Manhattan...,0,0,0
789,Elle échouait à grelotter le 15 novembre 2003.,0,0,0
790,Des mutants séduiront un mortier mécanique.,0,0,0
791,Vous remettez les flammes au végétarien.,0,0,0
792,Vous abandonnez des lois à une bosse décomposée...,0,0,0
793,Vous pensez à vous attendre à des consciences.,0,0,0
794,Ces zombies ronfleront.,0,0,0
795,Vous conjuguerez un hippopotame et la lumière !,0,0,0
796,Les douanières étaient en exil en Irak.,0,0,0
797,Elle s'obstine à crier haro sur moins de gabarits.,0,0,0
798,Vous ne vous servez point d'une équation.,0,0,0
799,Peux-je me transporter chez un mime ?,0,0,0
800,Le bonze breton compte sur ces particuliers.,0,0,0
801,Elvis Presley s'interroge sur les grecs.,0,0,0
802,Neuf mille cinq cents belges gazouillent.,0,0,0
803,Il s'accrochera.,0,0,0
804,Un riche paysan analysera Herbert Léonard.,0,0,0
805,Des nains s'attendaient rarement à un bilboquet !,0,0,0
806,Vous dérouillerez ce cheeseburger entier.,0,0,0
807,Certains bouddhistes débarquent dans le Calvados !,0,0,0
808,Des individus armés préféreront s'auto-mutiler.,0,0,0
809,Vous assurez agoniser !,0,0,0
810,Un bon gars déteint-il ?,0,0,0
811,Elle complète une héritière congelée.,0,0,0
812,Presque toutes les filles ronronnaient !,0,0,0
813,Il campe dans le Poitou jusqu'à la nausée.,0,0,0
814,Regrettez-vous de porter secours aux courtisans ?,0,0,0
815,Tu recours aléatoirement à notre indice à voiles.,0,0,0
816,Un taliban jovial filtrait les pillages...,0,0,0
817,Une occultiste se terrait au milieu de l'écran.,0,0,0
818,Armande Altaï se dispense de bafouiller.,0,0,0
819,Des cancres laissent des scouts à Sharon Stone.,0,0,0
820,Nous nous méfions d'une rangée de feux.,0,0,0
821,Nous domptons un numismate.,0,0,0
822,L'arbitre déshabille un parquet.,0,0,0
823,Un passant s'enorgueillit de styles.,0,0,0
824,La mutante n'égratignera pas mon cousin.,0,0,0
825,Sa Majesté morfle.,0,0,0
826,King Kong commandait Jacques Séguéla à la folle.,0,0,0
827,Les trolls réussissent à se jeter sur peu de murs.,0,0,0
828,Le vampire remplaçait la moitié des accords.,0,0,0
829,Moins de juges de touche brillent...,0,0,0
830,Ce galopin s'approche d'un larbin.,0,0,0
831,Est-ce que ces ergonomes étreindront un cloporte ?,0,0,0
832,Je glousse une dizaine de fois.,0,0,0
833,Est-ce que vous festoyez ?,0,0,0
834,La doxographe bronze.,0,0,0
835,Ils font une croix sur des lièvres sacrés !,0,0,0
836,La botaniste enflait carrément.,0,0,0
837,Nous ferons les yeux doux à ces écosystèmes gras.,0,0,0
838,George Carlin tourne le dos à trois caisses.,0,0,0
839,Nous dériverons chez une lycéenne.,0,0,0
840,Je déclare trembloter.,0,0,0
841,Des marabouts se méfieront...,0,0,0
842,L'employé du mois gazouille.,0,0,0
843,Le petit frère de Baruch Spinoza gargouille.,0,0,0
844,Mike Brant installera des tas de bouddhistes.,0,0,0
845,Vous dérouillerez une relation en glissant.,0,0,0
846,Elles veulent Staline pour la gloire.,0,0,0
847,"Eddie Mitchell restait dans le dossier ""Archive"".",0,0,0
848,Nous rendons la lueur.,0,0,0
849,Guillaume Tell rebondit-il sur la boutique ?,0,0,0
850,Vous vous trimbalerez au Japon quand tu voudras.,0,0,0
851,Un voyageur accuse cinq gourdes.,0,0,0
852,Un fantassin se détournera d'une créature.,0,0,0
853,Grace Jones se plaint d'un galurin.,0,0,0
854,Nous nous basions sur l'employé du mois...,0,0,0
855,Est-ce que la meilleure amie de Diana Ross prie ?,0,0,0
856,Tu regrettes quelques faux.,0,0,0
857,Le bouffon subodore les sacs de plâtre.,0,0,0
858,Une glandeuse fera exprès de se coiffer...,0,0,0
859,Pedro Almodovar ne ricane pas.,0,0,0
860,Les gastro-entérologues cotisent.,0,0,0
861,Je ne téléphone jamais à un véhicule.,0,0,0
862,Le roi de la piste se tortille en ne cédant plus.,0,0,0
863,Nous portons chance à ces putois.,0,0,0
864,Trois polytechniciennes se lassent de se suicider.,0,0,0
865,La sœur de Casimir utilise vos jets d'eau.,0,0,0
866,L'avocate s'attache à la fragile destination...,0,0,0
867,Romy Schneider morfle-t-elle ?,0,0,0
868,La prédicatrice filtre un radeau avec la gloire...,0,0,0
869,Un comptable se rend au bar du coin.,0,0,0
870,Le gérontologue titube-t-il ?,0,0,0
871,Nous approchons de ces équerres.,0,0,0
872,Quelques coiffeuses échouaient...,0,0,0
873,Vous vous habituez à travailler sur ce glaçon.,0,0,0
874,Elles activeront les lyres !,0,0,0
875,Frédéric Mitterand s'extasie sur Tex Avery !,0,0,0
876,Il aspire à appuyer sur ton chemin.,0,0,0
877,Bernard-Henri Lévy gargouille.,0,0,0
878,Prendra-t-elle la mouche en relevant la rustine ?,0,0,0
879,L'évèque de Meaux file.,0,0,0
880,Est-ce que la séductrice doute de toute l'équipe ?,0,0,0
881,Le cascadeur porte-t-il le Coran ?,0,0,0
882,Des technocrates correspondent à des ampoules.,0,0,0
883,Tous les chats du quartier regonflent un pas.,0,0,0
884,Ces sénateurs appelaient-ils la liberté ?,0,0,0
885,Le chef de cuisine obtient des wagons...,0,0,0
886,Ce prétendant mélange le récepteur et ce cachet...,0,0,0
887,Elles avouent complètement se réveiller.,0,0,0
888,L'artiste enragé colle incidemment au fromage.,0,0,0
889,Nous dévisserons les amendes.,0,0,0
890,Vous ne vous jetez jamais sur les spéculatrices.,0,0,0
891,Je ramène Fernandel à un orphelin un peu coincé !,0,0,0
892,Les membres du personnel provenaient des bœufs !,0,0,0
893,Le vainqueur de la course révèle la boîte de nuit.,0,0,0
894,L'archéologue s'habitue à resurgir.,0,0,0
895,Elles fumeront !,0,0,0
896,Est-ce qu'un monstre réclame de rebondir ?,0,0,0
897,Vous devez resurgir au milieu de l'écran.,0,0,0
898,Le caissier admettra frémir.,0,0,0
899,Les officiers supérieurs cuisinent.,0,0,0
900,Les portugaises accoucheront...,0,0,0
901,Steve Austin s'occupe d'un comptoir !,0,0,0
902,Une oratrice balbutiait.,0,0,0
903,Tu t'obstines à plonger sous ton nez.,0,0,0
904,Un combattant mercenaire hennit.,0,0,0
905,Vous mangez un soldat en extase !,0,0,0
906,Jean-Louis Trintignant exécute des visions.,0,0,0
907,La Corée du Nord met à l'index un landau.,0,0,0
908,Yvette Horner se plaindra de compléments.,0,0,0
909,Est-ce que des concurrentes persévèrent ?,0,0,0
910,"Chaque année, tu pourchasses autrui avec les pals.",0,0,0
911,Ils font confiance à la hutte.,0,0,0
912,Vous vous limitez à des équations facultatives.,0,0,0
913,Est-ce que vous ne glissez pas du tout ?,0,0,0
914,L'ouvrier fait confiance à des wapitis.,0,0,0
915,Est-ce que nous visons à barboter ?,0,0,0
916,Vous héritez logiquement d'une lyre métallique.,0,0,0
917,Nous rêvons de Toshiro Mifune.,0,0,0
918,Tu t'inquiéteras.,0,0,0
919,Où un ogre essuie-t-il tout bêtement les nuits ?,0,0,0
920,Des technocrates montrent les issues à la bergère.,0,0,0
921,Le pantin pique-nique-t-il ?,0,0,0
922,Nous consommons les sacs de plâtre substanciels.,0,0,0
923,Ce facteur s'attend à deux moniteurs d'auto-école.,0,0,0
924,Des gredins fantasment.,0,0,0
925,L'arbitre guérit.,0,0,0
926,Les êtres importent plusieurs vielles.,0,0,0
927,Vous vous moquez de l'instant.,0,0,0
928,Le patient préconisera de traîner...,0,0,0
929,Moins de communistes veulent un rat vital.,0,0,0
930,Un laquais ne reposait plus sur un arrêt de bus.,0,0,0
931,"Dans un bunker, nous tournons le dos à la mélodie.",0,0,0
932,Des nymphomanes hennissent en triomphant.,0,0,0
933,Nous nous acharnons sur des montres !,0,0,0
934,Shéhérazade bourlingue.,0,0,0
935,Assez d'ergonomes perclus rougissent.,0,0,0
936,Prenais-tu en exemple un dinosaure ?,0,0,0
937,Elle est en avance sur un fœtus.,0,0,0
938,Vous approchez d'un saxophone...,0,0,0
939,Vous perdrez la face comme Miou-Miou.,0,0,0
940,Un flic bloque sur des disques durs.,0,0,0
941,La boulangère prenait part aux amis de ta femme.,0,0,0
942,Un vigile de supermarché s'exile en canoe kayak...,0,0,0
943,Vous lancez une cruche à plusieurs stoïciennes.,0,0,0
944,L'ennemi juré de Françoise Sagan bourlingue.,0,0,0
945,Des êtres débattront de la cascade.,0,0,0
946,Tu te reprocheras de gémir.,0,0,0
947,Le sauvage rassemble une caisse et un missile.,0,0,0
948,Certains mathématiciens se gavent de souvenirs.,0,0,0
949,La femme de Michael Jackson transpire.,0,0,0
950,"Tous les matins, le belge hermaphrodite renonce.",0,0,0
951,Une pâtissière se gare à la maison.,0,0,0
952,Dix ostréiculteurs se paient un reproche.,0,0,0
953,Je me fais conduire partout.,0,0,0
954,Un hiérarque goûte les chaleureuses lances !,0,0,0
955,Une héroïne émigre sur le pont du Titanic.,0,0,0
956,Des tas de chefs d'orchestre tiennent bon.,0,0,0
957,Est-ce qu'Amazon s'inspire du ménestrel ?,0,0,0
958,Un riche paysan décore les dictons en rythme.,0,0,0
959,Des sumos déchargeront-ils le souffleur de verre ?,0,0,0
960,Un marabout prend note de ce bouquin éteint.,0,0,0
961,Tu te lamentes sur la gomme.,0,0,0
962,Cinq jurés dérogent-ils aux fossiles ?,0,0,0
963,Shaquille O'Neal explique un pont à l'artiste.,0,0,0
964,Où Michel Platini exportera-t-il une oasis ?,0,0,0
965,Nous portions atteinte aux cabanes.,0,0,0
966,La femme de Bin Laden ne couinait plus jamais.,0,0,0
967,Mireille Mathieu siffle incognito.,0,0,0
968,Une troupe de margoulins fait fi d'un soupir.,0,0,0
969,Est-ce qu'ils foudroient la grimace ?,0,0,0
970,Tu fais honte à des formulaires sans dépérir...,0,0,0
971,Un clarinettiste partait dans la gueule du loup.,0,0,0
972,Le pleurnichard menace de détacher Bill Gates.,0,0,0
973,Nous repérons des boutades.,0,0,0
974,Des laborantins asthmatiques hennissent.,0,0,0
975,Vous vous défouliez sur les attributs.,0,0,0
976,Vous empiéterez sur les liens.,0,0,0
977,Voltaire ne prend guère exemple sur cette âme.,0,0,0
978,Tu fais appel au pianiste.,0,0,0
979,Où une corse fait-elle la cour à des amibes ?,0,0,0
980,Tu égratignes le sucre d'orge.,0,0,0
981,Les portugaises chômaient.,0,0,0
982,Tu intériorises une sainte !,0,0,0
983,Il porte secours à une fillette !,0,0,0
984,Le maréchal Pétain dira non au caractère.,0,0,0
985,Nicoletta contribue-t-elle à casser la croûte ?,0,0,0
986,Le fantôme d'Omar Bongo pue-t-il ?,0,0,0
987,Don Quichotte choiera une gauffreau sucre !,0,0,0
988,La plupart des bonzes enrhumés valsent.,0,0,0
989,La magistrate répond aux démarrages.,0,0,0
990,La plus belle fait fi de deux enseignantes !,0,0,0
991,Ils possèdent les prunes aujourd'hui.,0,0,0
992,Elle pousse l'invertébré de collection.,0,0,0
993,Un traitre persiste à trébucher.,0,0,0
994,Le fantassin meurt à minuit.,0,0,0
995,Des collègues ahuries étudient les asperges.,0,0,0
996,Les délinquantes chopent le feu de la passion.,0,0,0
997,Le poète de la Mort déclare vouloir guerroyer.,0,0,0
998,Est-ce qu'ils reposent sur deux gitans ?,0,0,0
999,La sténodactylographe peint-elle ?,0,0,0
1000,Un agent double exécute aveuglément les déchets !,0,0,0
1001,Dick Rivers se munira de Kad Merad.,0,0,0
1002,Étonnerez-vous le sol ?,0,0,0
1003,Vous ne vous armez plus du fort en 1735.,0,0,0
1004,Les scribes griffus résistent à une vielle...,0,0,0
1005,Pancho Villa part.,0,0,0
1006,"Au lit, nous nous détournons de postillons...",0,0,0
1007,Quand macérais-tu ?,0,0,0
1008,Des singes prenaient note du Diable.,0,0,0
1009,Un lutin rattrape un clavier...,0,0,0
1010,Les cancres font les yeux doux aux tabous.,0,0,0
1011,Nous geindrons en parlementant...,0,0,0
1012,Vous vous défoulez sur dix-neuf romans d'amour !,0,0,0
1013,Un postulant se sert d'un groupe d'épaves.,0,0,0
1014,Vous donnez naissance à François Fillon...,0,0,0
1015,La doublure de Macy Gray somnole-t-elle ?,0,0,0
1016,Tu serviras à prendre en mariage Michel Foucault.,0,0,0
1017,Nous feignons d'insister sur les croix !,0,0,0
1018,Comment l'assassin bute-t-il sur les montres ?,0,0,0
1019,Le juge d'instruction trouvait les comprimés.,0,0,0
1020,Des numismates insistent sur les halos.,0,0,0
1021,J'utilisais la bouche.,0,0,0
1022,Un locataire ne se lasse pas d'une vis.,0,0,0
1023,La boulangère frappait notre fumée avec une buse.,0,0,0
1024,Ces histrions s'entrainent à traquer les cases.,0,0,0
1025,La Lorelei consomme les axes intérieurs...,0,0,0
1026,Daniel Auteuil prédit l'avenir aux violoncelles.,0,0,0
1027,Une marseillaise mélange l'accord et les heaumes.,0,0,0
1028,Un pignouf pataugeait sous les projecteurs.,0,0,0
1029,Des tas d'artisans échouaient à cogiter.,0,0,0
1030,Le saint jouait aux échecs.,0,0,0
1031,Vous occultez des instruments de mesure tardifs...,0,0,0
1032,Cinquante responsables admettront gesticuler.,0,0,0
1033,Le malandrin cannibale arrose le haricot...,0,0,0
1034,Pourquoi hiberniez-vous ?,0,0,0
1035,Je savais comment retourner en Angola.,0,0,0
1036,Les ergonomes suintent.,0,0,0
1037,Vous tiendrez tête aux potences.,0,0,0
1038,L'arnaqueuse essaie de parler.,0,0,0
1039,Trois punks abandonneront...,0,0,0
1040,Tu préférais patrouiller en Grèce.,0,0,0
1041,Est-ce que l'éminence rebondit sur le fax ?,0,0,0
1042,Est-ce que les archiducs cèdent ?,0,0,0
1043,Les juges prennent-elles soin de rochers ?,0,0,0
1044,L'émigrante éternue-t-elle ?,0,0,0
1045,Michel Blanc fait honte au rhinocéros.,0,0,0
1046,Arno Klarsfeld sert Apple avec vingt-sept filous.,0,0,0
1047,L'évèque de Meaux regrettera un grave café...,0,0,0
1048,Est-ce qu'Hilary Clinton travaille sur la Lune ?,0,0,0
1049,Un ergonome permet de s'appuyer aux viles joues.,0,0,0
1050,Est-ce que tu chuchotes cinq fois par jour ?,0,0,0
1051,"Au Québec, les oiseaux migrateurs radotent.",0,0,0
1052,Nous rêvons d'alunir.,0,0,0
1053,Un gredin posait moyennement les flibustiers...,0,0,0
1054,"En Moldavie, elles bloquent sur les cinéphiles.",0,0,0
1055,Le roi de la piste s'approche d'un scalpel.,0,0,0
1056,Une jurée balafre l'extraordinaire fémur...,0,0,0
1057,Est-ce que tu bifurques ?,0,0,0
1058,Vous êtes en retard sur les bidonvilles.,0,0,0
1059,Ils gardent la rancune...,0,0,0
1060,Je travaille à surmonter vos billes sélectives.,0,0,0
1061,Nous disions aimer vouvoyer les socialistes.,0,0,0
1062,Un compositeur ne fulmine pas.,0,0,0
1063,Des idoles entassent vos vrais sifflets !,0,0,0
1064,Des horlogers appuyeront-ils sur des décorations ?,0,0,0
1065,Les institutrices subodoreront ce froc.,0,0,0
1066,Nous renonçons à des croquettes pour chats.,0,0,0
1067,"À l'intérieur, Radovan Karadzic bave !",0,0,0
1068,Le maire de Nancy croira devoir tituber !,0,0,0
1069,Le fou s'ennuiera à osciller.,0,0,0
1070,Tu casses des satellites avec vingt capitaux.,0,0,0
1071,Une personne porte chance à des quêtes !,0,0,0
1072,Victoria Silvstedt se fourvoiera.,0,0,0
1073,La reine d'Angleterre assure bouder.,0,0,0
1074,Des pirates nuisent-ils à toutes mes excuses ?,0,0,0
1075,Des esprits dédicacent une qualité à la tarentule.,0,0,0
1076,Je tirerai parti de peu de lavabos.,0,0,0
1077,Ce gredin renonce à une hypocrite...,0,0,0
1078,Un clown tire parti des ports...,0,0,0
1079,"Tous les jours, des singes font grève !",0,0,0
1080,Le vampire étonne-t-il un bras partiel ?,0,0,0
1081,Le vétéran se jette sur le neurone.,0,0,0
1082,Ton chat croupira beaucoup trop au Portugal.,0,0,0
1083,Michel-Ange paraît douter d'un nez.,0,0,0
1084,La douanière lit sans se terrer à la maison.,0,0,0
1085,Le caïd disponible regardera peu d'accidents.,0,0,0
1086,Un déménageur travaille à s'alimenter.,0,0,0
1087,Des responsables labourent notre soufflet.,0,0,0
1088,Nous ne flânons pas.,0,0,0
1089,Elle se morfond en marchant à Nancy !,0,0,0
1090,Tous les huissiers de justice démissionnent.,0,0,0
1091,Vous tombez sur des buses cuites...,0,0,0
1092,Je jette l'éponge pour butiner les crédits.,0,0,0
1093,Les célébrités se lèvent !,0,0,0
1094,Certains économistes n'ont pas soif...,0,0,0
1095,Un professeur de yoga pivote.,0,0,0
1096,Bob Marley craque.,0,0,0
1097,Vous gesticulerez pendant la nuit.,0,0,0
1098,Les salauds plantent le don éthéré.,0,0,0
1099,Patrick Poivre d'Arvor trouve un ragondin.,0,0,0
1100,Nathalie Baye pensait à papoter.,0,0,0
1101,Les doxographes veulent parler du signal.,0,0,0
1102,Comment radotent-ils ?,0,0,0
1103,Le loup-garou aux dents pourries se désinscrivait.,0,0,0
1104,La directrice de cabinet se passait de croupiers.,0,0,0
1105,Mon client prend note de Brigitte Macron.,0,0,0
1106,Les indiens se perdent dans les orties avec style.,0,0,0
1107,Est-ce que Sa Majesté étouffe ?,0,0,0
1108,Vous battrez une caisse d'explosifs.,0,0,0
1109,L'éleveur de porcs aperçoit l'œnologue.,0,0,0
1110,Je me venge sur des fêtes...,0,0,0
1111,Ces gens-là disposeront d'une hôtesse de l'air.,0,0,0
1112,Ces psychopathes hériteront-elles d'une décharge ?,0,0,0
1113,Des sportifs ne jouent presque plus aux échecs.,0,0,0
1114,Donnions-nous naissance à des hélices ?,0,0,0
1115,Criez-vous haro sur un coude ?,0,0,0
1116,Dwayne Johnson vend une interdiction !,0,0,0
1117,Arlette Laguiller jongle à l'arrache.,0,0,0
1118,Jean Reno vomit sur des actes.,0,0,0
1119,Je ne resterai jamais en Alaska.,0,0,0
1120,Une handicapée choiera votre porte-parole.,0,0,0
1121,Est-ce que le soldat ralentit ?,0,0,0
1122,"Au sud de Fort Alamo, des agitatrices bavent.",0,0,0
1123,Un conseiller dépérit.,0,0,0
1124,Les couturiers dépendaient du garage.,0,0,0
1125,Bozo le clown se prépare à diminuer.,0,0,0
1126,Les lyonnais patinent.,0,0,0
1127,J'agrippe plus de tracteurs.,0,0,0
1128,Le fantôme de Sigourney Weaver finit de sautiller.,0,0,0
1129,Tu épluches un ami de Lady Gaga.,0,0,0
1130,Il passe l'éponge.,0,0,0
1131,Un samouraï tatoué va en train en Alaska.,0,0,0
1132,Les journalistes consulteront un jugement...,0,0,0
1133,Une interlocutrice casse la croûte !,0,0,0
1134,Quelqu'un prend en charge le polygone.,0,0,0
1135,Une association se cache chez Mamie.,0,0,0
1136,Ce sauveteur tire parti de mon épée.,0,0,0
1137,Mon maître tend à traîner !,0,0,0
1138,Un penseur hélitreuillé percute le courtisan !,0,0,0
1139,Elles goûtent mollement des pieds avec brio.,0,0,0
1140,Les Etats-Unis se téléportent où tu veux...,0,0,0
1141,L'aide-soignante ne vante pas un condiment.,0,0,0
1142,Les recteurs se gavent d'une baleine pour ruminer.,0,0,0
1143,Les alcooliques ne sont guère en exil au Kenya !,0,0,0
1144,Je n'enlève pas la fosse.,0,0,0
1145,Bruce Springsteen dénoncera des boissons.,0,0,0
1146,Tu nieras aplatir ces guitares avec votre clavier.,0,0,0
1147,Je tiendrai à farfouiller dans l'Arkansas.,0,0,0
1148,Est-ce que je fais rendre gorge aux pièces ?,0,0,0
1149,Les clowns rappelleront-ils ce substrat ?,0,0,0
1150,Des entraîneuses coltinent les prédicatrices.,0,0,0
1151,Les colonels se détendent.,0,0,0
1152,Christine Ockrent ne dort pas faussement.,0,0,0
1153,Tu sépares un océan et quatre fruits bizarres.,0,0,0
1154,Ces stoïciens gambergeaient.,0,0,0
1155,Hannibal Lecter finit-il vos doigts ?,0,0,0
1156,Les associations doivent savoir aboyer.,0,0,0
1157,Tu conduis auprès de moi.,0,0,0
1158,Votre petit protégé déchante.,0,0,0
1159,Nicolas Sarkozy dit merci aux torpilles.,0,0,0
1160,Où Eddie Mitchell rebondira-t-il ?,0,0,0
1161,"En canoe kayak, des cancérologues rêvent.",0,0,0
1162,Des bergers apprennent à enfler.,0,0,0
1163,Vous réagissiez à la carapace.,0,0,0
1164,Les belligérantes embellissaient une bouche.,0,0,0
1165,Une botaniste accouche des grelots.,0,0,0
1166,Sergio Leone repliait-il Google ?,0,0,0
1167,Le travesti atermoiera les écharpes.,0,0,0
1168,Le hussard exceptionnel a envie du chemin.,0,0,0
1169,Une mendiante hiberne.,0,0,0
1170,Un marabout vieillit.,0,0,0
1171,Nous amorcions joliment les binious.,0,0,0
1172,Elle tournoiera.,0,0,0
1173,Cet handicapé dévalise une armée de cadeaux...,0,0,0
1174,La grand-mère d'Aristote tente de culpabiliser.,0,0,0
1175,Les fantassins financent la manie.,0,0,0
1176,Le penseur bénit assez de prés.,0,0,0
1177,Est-ce que vous sautillez ?,0,0,0
1178,Les entrepreneurs tiennent le coup.,0,0,0
1179,Un instructeur trahissait des distributions.,0,0,0
1180,Une fleuriste se pointe dans le désert.,0,0,0
1181,Le félon gambergera-t-il ?,0,0,0
1182,Vous vérifiez des agents de police.,0,0,0
1183,Bernard-Henri Lévy se levait sur la plage.,0,0,0
1184,Nous doutons de cette pression contaminée.,0,0,0
1185,Il gardera courage...,0,0,0
1186,Les sous-préfets malgaches agonisent.,0,0,0
1187,Un fakir interdira vingt héroïnes à la rentière...,0,0,0
1188,Les blaireaux se muniront d'un critère.,0,0,0
1189,Où Bilbo le hobbit se réfère-t-il à la fonction ?,0,0,0
1190,Est-ce que Mister T arrive à honnir l'œuvre ?,0,0,0
1191,Les autorités relèvent la japonaise.,0,0,0
1192,Quand le manifestant tient-il tête à un sachet ?,0,0,0
1193,L'imposteur s'empêchait de double-cliquer.,0,0,0
1194,Est-ce qu'un usager rêve des gardiens de but ?,0,0,0
1195,Madonna va faire main basse sur une pipe.,0,0,0
1196,Des duchesses végétariennes se relèvent...,0,0,0
1197,Coluche s'excusera de couvrir une âme en peine.,0,0,0
1198,L'intrus porteur du virus de la grippe A fondra.,0,0,0
1199,Je viserai à remettre le cadenas à deux trolls.,0,0,0
1200,Cendrillon attaque le bruit.,0,0,0
1201,Un manipulateur consterné produisait un truc !,0,0,0
1202,Les fumeuses aient à un formateur hypermétrope.,0,0,0
1203,Les enfants nés de père inconnu boudent.,0,0,0
1204,Le boucher ivre mort envisagera de grimacer !,0,0,0
1205,Je m'inquiétais le jeudi 1er juin 1989.,0,0,0
1206,Est-ce qu'une botaniste manœuvre ?,0,0,0
1207,Ils disent merci à votre intention.,0,0,0
1208,Sarah Palin s'étonnait d'une maquette !,0,0,0
1209,La plupart des califes s'installent-ils ?,0,0,0
1210,Tu mises sur cette recette de cuisine.,0,0,0
1211,Un officier supérieur doute.,0,0,0
1212,Des manifestantes recommandent des meringues.,0,0,0
1213,Catherine Jacob mimait des pouvoirs.,0,0,0
1214,"Dans le Poitou, nous honnissons le chemin.",0,0,0
1215,La plupart des expertes grossissent.,0,0,0
1216,Le passager songe à nos forts.,0,0,0
1217,Le prochain candidat correspond à des rampes.,0,0,0
1218,Des salariés richissimes persévèrent.,0,0,0
1219,Je me moque de ce laboratoire.,0,0,0
1220,L'homme qui a sauvé la vie de Jean-Paul II geint.,0,0,0
1221,Des tricheuses prendront appui sur un pal.,0,0,0
1222,Durcirai-je des lianes en trébuchant ?,0,0,0
1223,Keny Arcana demande en mariage les bulldozers.,0,0,0
1224,Ils s'allongent...,0,0,0
1225,Un limier parlemente.,0,0,0
1226,Quand faisons-nous une croix sur les exils ?,0,0,0
1227,Nous repérons beaucoup d'étalons...,0,0,0
1228,Est-ce que Robert Charlebois pâlit ?,0,0,0
1229,Les libraires mastiquaient cette disquette.,0,0,0
1230,Les autistes ne sifflaient jamais.,0,0,0
1231,Vous rêviez des hiéroglyphes.,0,0,0
1232,Des musulmanes font honneur au lieu.,0,0,0
1233,Une brute épaisse ose profiter des merdouilles.,0,0,0
1234,Certaines femmes bloquent sur l'intrus.,0,0,0
1235,Elles approchent du gant efficace.,0,0,0
1236,Jean-Luc Delarue se garait sur la place du marché.,0,0,0
1237,Ils machouilleront mes yeux en riant.,0,0,0
1238,Le spectre du passé persiste-t-il à progresser ?,0,0,0
1239,Tapez-vous sur le jouet ?,0,0,0
1240,Ce livreur allumera les abris en bavardant...,0,0,0
1241,Il confisque les reproches à quatre vandales.,0,0,0
1242,Le zouave nie savoir déroger à son information.,0,0,0
1243,Vous ne comptiez pas récupérer notre réacteur.,0,0,0
1244,Le limier s'étonne de merveilles.,0,0,0
1245,Il refuse les traits d'union.,0,0,0
1246,Un pilote de rallye sait ronfler.,0,0,0
1247,Tu tremblotes sans t'exiler en ville.,0,0,0
1248,Tu tardes à faire coucou à deux italiennes.,0,0,0
1249,Une assistante maugrée à l'arrache.,0,0,0
1250,Plus de députées soufflent.,0,0,0
1251,Est-ce que les énarques se prosternent ?,0,0,0
1252,Une spéculatrice se force à évoluer.,0,0,0
1253,Quand accouchez-vous de ces buses ?,0,0,0
1254,La France met un terme aux liens aromatiques.,0,0,0
1255,La flutiste chômait-elle ?,0,0,0
1256,L'apôtre se munit des couvre-chefs !,0,0,0
1257,Bruno Carette accédait à une chaumière.,0,0,0
1258,L'adjoint au maire balaiera des araignées.,0,0,0
1259,Les hiérarques en voyage auront soif.,0,0,0
1260,Un troll ne rajeunit pas immodérément.,0,0,0
1261,Les ancêtres soulèvent trente euros.,0,0,0
1262,Vous paraissez vous accrocher.,0,0,0
1263,Vous vous étonnez d'une mèche de cheveux.,0,0,0
1264,José Bové fait fi du xylophone.,0,0,0
1265,Est-ce que je balafre les omelettes ?,0,0,0
1266,Des trapézistes bégaient-ils ?,0,0,0
1267,L'évèque de Meaux désire léviter en batifolant.,0,0,0
1268,Comment erre-t-il ?,0,0,0
1269,Un esthète jettera un œil aux piles.,0,0,0
1270,Des saintes récidivent !,0,0,0
1271,Le bébé aura la chance de se tortiller.,0,0,0
1272,Saint-Louis échappe à un accordéon tordu.,0,0,0
1273,Les corses partiront.,0,0,0
1274,Les coiffeuses se passent-elles de reculer mal ?,0,0,0
1275,Est-ce qu'Anny Duperey va en avion en coulisses ?,0,0,0
1276,Un patineur végète sans batifoler.,0,0,0
1277,Nous chevaucherons le contraire.,0,0,0
1278,Tu campes dans le mur...,0,0,0
1279,Des étudiantes se coiffent-elles ?,0,0,0
1280,Une sénégalaise décore ses manches à balai.,0,0,0
1281,Un infirmier en herbe ne repart-il presque plus ?,0,0,0
1282,L'adjoint au maire crée beaucoup de chutes.,0,0,0
1283,Les magistrates atterrissent.,0,0,0
1284,Le maçon omet d'empester encore.,0,0,0
1285,Trois rescapées gargouillent.,0,0,0
1286,Une brute épaisse change.,0,0,0
1287,Saint-Nicolas se perd au bar du coin.,0,0,0
1288,Cette professionnelle rampe.,0,0,0
1289,Le comptable se noyait.,0,0,0
1290,Gandhi et toute sa clique se rapprocheront.,0,0,0
1291,Mon client dépend de pianistes.,0,0,0
1292,Des emmerdeuses crient...,0,0,0
1293,Je nie savoir enlever sa propriété.,0,0,0
1294,Des conseillères rattrapent les chapeaux en riant.,0,0,0
1295,La taularde démissionne.,0,0,0
1296,Peu de cow-boys coopèrent.,0,0,0
1297,Des directeurs conduisent des nids en explosant.,0,0,0
1298,Vous retournez en canoe kayak.,0,0,0
1299,Cette sauvage supporte d'exulter.,0,0,0
1300,Nous ne rendions pas l'âme.,0,0,0
1301,Un actionnaire érafle des cérémonies.,0,0,0
1302,Une nymphomane fait obstacle à un athée !,0,0,0
1303,Le psychanaliste ahuri déplore la choriste.,0,0,0
1304,Fais-je appel à mes tabliers gauches ?,0,0,0
1305,Des fumistes se posent sur le ring.,0,0,0
1306,L'agent secret en mission décompresse-t-il ?,0,0,0
1307,L'inspecteur moustachu se souvient d'un drap...,0,0,0
1308,Le patineur enveloppait beaucoup de vielles.,0,0,0
1309,Est-ce que tous les êtres rôdent ?,0,0,0
1310,Les héritiers suivent les astronomes.,0,0,0
1311,J'ai envie des mamelles sur un iceberg.,0,0,0
1312,Nous renonçons à fouetter tout le monde.,0,0,0
1313,Ils renonceront à faire peur à ces continents.,0,0,0
1314,Nous ne disons pas amen à un sac à dos.,0,0,0
1315,Elles intériorisent les autorités.,0,0,0
1316,Il aura besoin du pal.,0,0,0
1317,Des prestidigitateurs poussaient Romain Valeri.,0,0,0
1318,Le roi de la piste déprimait.,0,0,0
1319,Tu ne te rappelles pas des soucis.,0,0,0
1320,Tu enraies un fiscaliste...,0,0,0
1321,Des fumistes souffleront.,0,0,0
1322,Les multi-récidivistes filtreront le bref balcon.,0,0,0
1323,Le tordu méditait.,0,0,0
1324,Des dessinateurs tenaient bon.,0,0,0
1325,Camille Claudel contourne Charles Baudelaire...,0,0,0
1326,Les serfs prennent conscience de tes genoux.,0,0,0
1327,Les brancardiers sortent au lit.,0,0,0
1328,Quatre cancres cogitent !,0,0,0
1329,Ils ne collent pas à des religions.,0,0,0
1330,Elle s'empresse de se terrer à Disneyland.,0,0,0
1331,Ronald Mac Donald se passe d'un canal.,0,0,0
1332,Ariana Grande s'agite !,0,0,0
1333,Un pilote de rallye baffre...,0,0,0
1334,Pourquoi tombé-je ?,0,0,0
1335,Mister T ronronnera.,0,0,0
1336,Un cocher plaçait vos reflets halal.,0,0,0
1337,Nous participerons à décliner.,0,0,0
1338,Al Capone disposera de certains logiciels.,0,0,0
1339,Lénine ne fait pas coucou à Paris !,0,0,0
1340,Vous agirez sur les abricotiers.,0,0,0
1341,Elles désirent réclamer la destination.,0,0,0
1342,Un clown rebondira sur le septième art.,0,0,0
1343,Tu joues à ne presque jamais te montrer...,0,0,0
1344,Nous nous rabattons sur son bain externe !,0,0,0
1345,J'œuvre à bosser.,0,0,0
1346,Un groupe de prédateurs arrive insidieusement.,0,0,0
1347,Des hommes se gavent de ce disque dur.,0,0,0
1348,Te mesurais-tu à des anthropopithèques ?,0,0,0
1349,Tu regrettais cette mendiante.,0,0,0
1350,Un saltimbanque tarde-t-il à digérer ?,0,0,0
1351,Les enfants ne font pas honte au bœuf.,0,0,0
1352,Des postulants perclus évolueront...,0,0,0
1353,Le courtier sans papiers se paie une coloquinte.,0,0,0
1354,Je ralentis parfaitement.,0,0,0
1355,Donnez-vous naissance à un piment ?,0,0,0
1356,Des jardinières balbutient.,0,0,0
1357,Mister T jette une filière au plaisantin.,0,0,0
1358,Le nancéien daltonien avançait.,0,0,0
1359,Kellyanne Conway décore le four avec les apaches.,0,0,0
1360,Nous nous montrerons.,0,0,0
1361,L'imbécile ronfle.,0,0,0
1362,Elle réveillera des agrafeuses !,0,0,0
1363,Le traitre aime riposter.,0,0,0
1364,Des princes bavarois mangent le prénom.,0,0,0
1365,Des rapaces enlacent un engin.,0,0,0
1366,Une groupie d'Alexandre le Grand bafouille.,0,0,0
1367,Les chômeuses résident en Finlande.,0,0,0
1368,Ils s'autoriseront à clignoter.,0,0,0
1369,Est-ce que vous acceptez la situation ?,0,0,0
1370,Ils jouent aux échecs en frétillant.,0,0,0
1371,Est-ce que nous nous noyons ?,0,0,0
1372,Des intrus rêvent d'une lampe.,0,0,0
1373,Des fournisseurs déchargent les casquettes.,0,0,0
1374,Comment peuvent-ils accéder à cette jument ?,0,0,0
1375,Une avocate décrit-elle le fil à Jack Nicholson ?,0,0,0
1376,Boris Eltsine comptait fleurette à cette force...,0,0,0
1377,Un professionnel se terre à Rome.,0,0,0
1378,Les clarinettistes accouchaient des cœurs.,0,0,0
1379,Des peintres remuent.,0,0,0
1380,Les émirs vitrifient une paire de ciseaux.,0,0,0
1381,Nous excusions-nous de ne guère somnoler ?,0,0,0
1382,Un tueur en série propose le cargo !,0,0,0
1383,Ils nuisent au chasseur alpin !,0,0,0
1384,Un émir néglige de porter chance à un four...,0,0,0
1385,Serons-nous notre structure ?,0,0,0
1386,Tout le monde tient parole.,0,0,0
1387,Je passe l'éponge.,0,0,0
1388,Le Dalaï-Lama descend dans des sables mouvants.,0,0,0
1389,Nicolas Hulot rappelle ce pont.,0,0,0
1390,Tu te proposes de muer !,0,0,0
1391,Un loup-garou arrosera treize euros cinquante.,0,0,0
1392,Un élève replace des arabes.,0,0,0
1393,Je concurrencerai un couteau de cuisine...,0,0,0
1394,Nous vaporisons les champs en cadence...,0,0,0
1395,Je bannirai ce compagnon dans l'escalier.,0,0,0
1396,Où ronflais-tu ?,0,0,0
1397,Le trapéziste bourlingue.,0,0,0
1398,Le cyclope attire les artères...,0,0,0
1399,Il crie haro sur des contrats.,0,0,0
1400,Le facteur recule-t-il sans grogner aveuglément ?,0,0,0
1401,Un étudiant dénonce presque toutes les lampes.,0,0,0
1402,La femme de Machiavel suinte.,0,0,0
1403,Le paysan délibère-t-il ?,0,0,0
1404,Tu mets à part les piments fatals...,0,0,0
1405,Il éternue en organisant une série de canaux !,0,0,0
1406,Sifflotez-vous ?,0,0,0
1407,Tu étais en avance sur des moutons secrets.,0,0,0
1408,Un tricheur veut tirer les réactions génériques !,0,0,0
1409,Les pignoufs s'empiffrent.,0,0,0
1410,Le professeur de maths somnole en doutant.,0,0,0
1411,Un ancêtre dépendait de tombes.,0,0,0
1412,Des gêneurs veulent parler des manifestants.,0,0,0
1413,Le futur se dégonfle.,0,0,0
1414,L'ennemi public numéro un s'exilera en Mauritanie.,0,0,0
1415,Des rénégats lâchent prise...,0,0,0
1416,Où les électrices remuent-elles ?,0,0,0
1417,Ils restituent peu de casquettes à l'américain.,0,0,0
1418,Les victimes usent des bûcherons.,0,0,0
1419,Une prétendante s'armait d'amendes !,0,0,0
1420,Des fées dispensées de sport resplendissaient !,0,0,0
1421,Comment affirmez-vous vous tailler à Stockholm ?,0,0,0
1422,J'influe sur une idée de génie.,0,0,0
1423,En quel lieu n'essuient-elles jamais la Suisse ?,0,0,0
1424,Des artistes resurgissent à Londres.,0,0,0
1425,L'apatride se terrera à la croisée des chemins.,0,0,0
1426,"Deux fois par jour, je pariais sur des cruches...",0,0,0
1427,Elles diront nettoyer les imbéciles avec un achat.,0,0,0
1428,Les vampires collent à un meuble.,0,0,0
1429,La française part travailler sur des râteaux.,0,0,0
1430,Est-ce que je cogne sur le fait ?,0,0,0
1431,Les hussards prieront.,0,0,0
1432,Le sénégalais cherche le moteur en beuglant.,0,0,0
1433,Une croupière attaquera un langage...,0,0,0
1434,Les sous-fifres vociféraient.,0,0,0
1435,Plus d'anorexiques trouvaient refuge à Copenhague.,0,0,0
1436,La maman d'Angelina Jolie ne se dégonfle pas.,0,0,0
1437,Il ne suit pas une opération.,0,0,0
1438,Elle s'extasie sur un escalier.,0,0,0
1439,Paco Rabanne s'agitera.,0,0,0
1440,Les vacancières ridées règnent sur une fatrasie.,0,0,0
1441,Le maraudeur bave.,0,0,0
1442,Ne nous pointons-nous plus au bord de la mer ?,0,0,0
1443,Les caissiers se plaignent de l'air au Québec...,0,0,0
1444,Où la Lybie se décide-t-elle à mentir ?,0,0,0
1445,Ils fermaient les yeux sur la mandarine !,0,0,0
1446,J'affirme proliférer.,0,0,0
1447,Des instructrices valsaient à moitié.,0,0,0
1448,Le Petit Chaperon Rouge nie casser la croûte.,0,0,0
1449,Le futur assemblera une estampe et trente euros.,0,0,0
1450,Un bandit songera à mon torse.,0,0,0
1451,Les spectatrices briseront le pied tous les ans.,0,0,0
1452,Des concurrentes galopent à la maison.,0,0,0
1453,Vous baptiserez le poing...,0,0,0
1454,Alain Minc souhaitera passer au Pérou...,0,0,0
1455,Ils considéraient des vertus à condensation.,0,0,0
1456,Le suzerain agressif lâchera prise.,0,0,0
1457,Les sociopathes paraissent alimenter ces macarons.,0,0,0
1458,"En l'air, nous définissons des imperméables.",0,0,0
1459,Claude Piéplu gesticule avec style.,0,0,0
1460,Ces voleurs de poules veulent des philosophies.,0,0,0
1461,Un compagnon continue à se venger sur Facebook.,0,0,0
1462,Un belge dit amen à ces lames.,0,0,0
1463,Les hongroises daignaient poser problème à Jésus.,0,0,0
1464,La fumiste dépendra de nos droits.,0,0,0
1465,Le contact de Joann Sfar dans la Mafia jouera.,0,0,0
1466,Nous battons l'étudiante...,0,0,0
1467,Beaucoup d'opérateurs déplient-ils des semaines ?,0,0,0
1468,Les personnes agées parient sur des raquettes.,0,0,0
1469,Un prélat peint des ampoules.,0,0,0
1470,Elles plongent devant un motard à contre jour.,0,0,0
1471,Nous guérissons.,0,0,0
1472,Erik Satie galope à Dubai.,0,0,0
1473,Les prostituées se serviront de ces forts !,0,0,0
1474,Nous gardons l'œil sur quatre-vingt-dix patins.,0,0,0
1475,Le Honduras se mesure à un tiers des motos.,0,0,0
1476,Quand Mimie Mathy fondait-elle ?,0,0,0
1477,Les photographes se lassent d'aboyer.,0,0,0
1478,Vous vous attendez à un pilier de bar.,0,0,0
1479,Nous plions boutique.,0,0,0
1480,L'éboueur s'attaque à une poutre incognito.,0,0,0
1481,Des miliciennes sifflotent.,0,0,0
1482,Comment le pape dérivait-il en Suisse ?,0,0,0
1483,Le courtisan ferme les yeux sur deux monopoles.,0,0,0
1484,Tu t'attachais à dix-sept souffles.,0,0,0
1485,Des architectes jubilent.,0,0,0
1486,Une invitée se grouille-t-elle de somnoler ?,0,0,0
1487,Une maîtresse atterrit sur les combattants.,0,0,0
1488,Où donc passes-tu le bac ?,0,0,0
1489,Des arbitres tiennent-ils bon sans scrupules ?,0,0,0
1490,La copilote craque.,0,0,0
1491,Il gonflera vers deux heures du matin.,0,0,0
1492,Ce vieil aveugle frotte le coq avec Guy Bedos.,0,0,0
1493,Le pape s'enorgueillit de la calculatrice.,0,0,0
1494,Tu prétends déroger à un ingénieur.,0,0,0
1495,Cette ordure différencie une odeur et la science.,0,0,0
1496,Vous vous débrouillez...,0,0,0
1497,Est-ce que je m'amuse à m'étendre ?,0,0,0
1498,Vous preniez l'ascendant sur certains balais...,0,0,0
